{
  "hash": "5bde56c3",
  "configHash": "8c7a4602",
  "lockfileHash": "4b242297",
  "browserHash": "a036555a",
  "optimized": {
    "@angular/common": {
      "src": "../../../../../node_modules/@angular/common/fesm2022/common.mjs",
      "file": "@angular_common.js",
      "fileHash": "00601a1c",
      "needsInterop": false
    },
    "@angular/common/http": {
      "src": "../../../../../node_modules/@angular/common/fesm2022/http.mjs",
      "file": "@angular_common_http.js",
      "fileHash": "3c79e8e3",
      "needsInterop": false
    },
    "@angular/core": {
      "src": "../../../../../node_modules/@angular/core/fesm2022/core.mjs",
      "file": "@angular_core.js",
      "fileHash": "991b5628",
      "needsInterop": false
    },
    "@angular/forms": {
      "src": "../../../../../node_modules/@angular/forms/fesm2022/forms.mjs",
      "file": "@angular_forms.js",
      "fileHash": "83b6c42d",
      "needsInterop": false
    },
    "@angular/platform-browser": {
      "src": "../../../../../node_modules/@angular/platform-browser/fesm2022/platform-browser.mjs",
      "file": "@angular_platform-browser.js",
      "fileHash": "c7c9e331",
      "needsInterop": false
    },
    "@angular/platform-browser/animations": {
      "src": "../../../../../node_modules/@angular/platform-browser/fesm2022/animations.mjs",
      "file": "@angular_platform-browser_animations.js",
      "fileHash": "55abcd28",
      "needsInterop": false
    },
    "@angular/router": {
      "src": "../../../../../node_modules/@angular/router/fesm2022/router.mjs",
      "file": "@angular_router.js",
      "fileHash": "c2d7153c",
      "needsInterop": false
    },
    "primeng/accordion": {
      "src": "../../../../../node_modules/primeng/fesm2022/primeng-accordion.mjs",
      "file": "primeng_accordion.js",
      "fileHash": "5d37992b",
      "needsInterop": false
    },
    "primeng/api": {
      "src": "../../../../../node_modules/primeng/fesm2022/primeng-api.mjs",
      "file": "primeng_api.js",
      "fileHash": "4753168f",
      "needsInterop": false
    },
    "primeng/dialog": {
      "src": "../../../../../node_modules/primeng/fesm2022/primeng-dialog.mjs",
      "file": "primeng_dialog.js",
      "fileHash": "0fe6a6f4",
      "needsInterop": false
    },
    "primeng/table": {
      "src": "../../../../../node_modules/primeng/fesm2022/primeng-table.mjs",
      "file": "primeng_table.js",
      "fileHash": "4364cb0e",
      "needsInterop": false
    },
    "primeng/tabview": {
      "src": "../../../../../node_modules/primeng/fesm2022/primeng-tabview.mjs",
      "file": "primeng_tabview.js",
      "fileHash": "9d4aef91",
      "needsInterop": false
    },
    "primeng/toast": {
      "src": "../../../../../node_modules/primeng/fesm2022/primeng-toast.mjs",
      "file": "primeng_toast.js",
      "fileHash": "ac7313a3",
      "needsInterop": false
    },
    "rxjs": {
      "src": "../../../../../node_modules/rxjs/dist/esm5/index.js",
      "file": "rxjs.js",
      "fileHash": "7cd1009f",
      "needsInterop": false
    },
    "rxjs/operators": {
      "src": "../../../../../node_modules/rxjs/dist/esm5/operators/index.js",
      "file": "rxjs_operators.js",
      "fileHash": "9ffd9f19",
      "needsInterop": false
    }
  },
  "chunks": {
    "chunk-JASFCW7J": {
      "file": "chunk-JASFCW7J.js"
    },
    "chunk-RYATMKG3": {
      "file": "chunk-RYATMKG3.js"
    },
    "chunk-NF4KIYJ7": {
      "file": "chunk-NF4KIYJ7.js"
    },
    "chunk-NJVCMJYB": {
      "file": "chunk-NJVCMJYB.js"
    },
    "chunk-5ARDMCPH": {
      "file": "chunk-5ARDMCPH.js"
    },
    "chunk-EEN5NLAC": {
      "file": "chunk-EEN5NLAC.js"
    },
    "chunk-3DFKXF74": {
      "file": "chunk-3DFKXF74.js"
    },
    "chunk-ILWKMZON": {
      "file": "chunk-ILWKMZON.js"
    },
    "chunk-X2KWFUVS": {
      "file": "chunk-X2KWFUVS.js"
    },
    "chunk-SL25Y7EI": {
      "file": "chunk-SL25Y7EI.js"
    },
    "chunk-G2LRZ4ME": {
      "file": "chunk-G2LRZ4ME.js"
    },
    "chunk-S67GE2DG": {
      "file": "chunk-S67GE2DG.js"
    },
    "chunk-HP6DT5TB": {
      "file": "chunk-HP6DT5TB.js"
    },
    "chunk-BAODPQS2": {
      "file": "chunk-BAODPQS2.js"
    },
    "chunk-UKEHM6V6": {
      "file": "chunk-UKEHM6V6.js"
    },
    "chunk-V2DXGMIT": {
      "file": "chunk-V2DXGMIT.js"
    },
    "chunk-ZDOIMVJD": {
      "file": "chunk-ZDOIMVJD.js"
    }
  }
}